UniParc_ID,UniProtKB_Swiss_Prot_ID,UniProtKB_Isoform_ID,UniProtKB_TrEMBL_ID,Transcript_Source,Transcript_Version,Transcript_Stable_ID,Transcript_Name,Ensembl_Canonical,Protein_Stable_ID,Gene_Name,Gene_Stable_ID,Gene_Description,Gene_source,Gene_Version
UPI0000375189,O43474,O43474-1,,ensembl_havana,5,ENST00000374672,KLF4-201,1,ENSP00000363804,KLF4,ENSG00000136826,Kruppel like factor 4 [Source:HGNC Symbol;Acc:HGNC:6348],ensembl_havana,15
UPI0001915531,,,B7ZBT2,havana,1,ENST00000420475,KLF4-203,0,ENSP00000404922,KLF4,ENSG00000136826,Kruppel like factor 4 [Source:HGNC Symbol;Acc:HGNC:6348],ensembl_havana,15
UPI0004E4C996,,,A0A087X0S4,ensembl,1,ENST00000610832,KLF4-206,0,ENSP00000483629,KLF4,ENSG00000136826,Kruppel like factor 4 [Source:HGNC Symbol;Acc:HGNC:6348],ensembl_havana,15
UPI000011F868,,,A0A0B4J1R1,havana,10,ENST00000259523,MYC-201,0,ENSP00000259523,MYC,ENSG00000136997,"MYC proto-oncogene, bHLH transcription factor [Source:HGNC Symbol;Acc:HGNC:7553]",ensembl_havana,21
UPI0000073F37,,,Q14899,havana,1,ENST00000641252,MYC-208,0,ENSP00000493139,MYC,ENSG00000136997,"MYC proto-oncogene, bHLH transcription factor [Source:HGNC Symbol;Acc:HGNC:7553]",ensembl_havana,21
UPI0018BDD158,,,H0YBG3,havana,2,ENST00000517291,MYC-203,0,ENSP00000429441,MYC,ENSG00000136997,"MYC proto-oncogene, bHLH transcription factor [Source:HGNC Symbol;Acc:HGNC:7553]",ensembl_havana,21
UPI00108B0882,,,A0A494C1T8,havana,1,ENST00000651626,MYC-209,0,ENSP00000499182,MYC,ENSG00000136997,"MYC proto-oncogene, bHLH transcription factor [Source:HGNC Symbol;Acc:HGNC:7553]",ensembl_havana,21
UPI000006D15D,,,Q16591,havana,1,ENST00000641036,MYC-207,0,ENSP00000493145,MYC,ENSG00000136997,"MYC proto-oncogene, bHLH transcription factor [Source:HGNC Symbol;Acc:HGNC:7553]",ensembl_havana,21
UPI0000000C1A,P01106,P01106-1,A0A024R9L7,ensembl_havana,6,ENST00000377970,MYC-202,0,ENSP00000367207,MYC,ENSG00000136997,"MYC proto-oncogene, bHLH transcription factor [Source:HGNC Symbol;Acc:HGNC:7553]",ensembl_havana,21
UPI000BA1B231,,,H0YBT0,havana,2,ENST00000524013,MYC-205,0,ENSP00000430235,MYC,ENSG00000136997,"MYC proto-oncogene, bHLH transcription factor [Source:HGNC Symbol;Acc:HGNC:7553]",ensembl_havana,21
UPI0000576839,P01106,P01106-2,A0A087WUS5,ensembl_havana,8,ENST00000621592,MYC-206,1,ENSP00000478887,MYC,ENSG00000136997,"MYC proto-oncogene, bHLH transcription factor [Source:HGNC Symbol;Acc:HGNC:7553]",ensembl_havana,21
UPI0000000C1A,P01106,P01106-1,A0A024R9L7,havana,1,ENST00000652288,MYC-210,0,ENSP00000499105,MYC,ENSG00000136997,"MYC proto-oncogene, bHLH transcription factor [Source:HGNC Symbol;Acc:HGNC:7553]",ensembl_havana,21
UPI00001362B7,Q9H6I2,,,ensembl_havana,5,ENST00000297316,SOX17-201,1,ENSP00000297316,SOX17,ENSG00000164736,SRY-box transcription factor 17 [Source:HGNC Symbol;Acc:HGNC:18122],ensembl_havana,6
UPI000003F545,P48431,,A0A0U3FYV6,ensembl_havana,3,ENST00000325404,SOX2-201,1,ENSP00000323588,SOX2,ENSG00000181449,SRY-box transcription factor 2 [Source:HGNC Symbol;Acc:HGNC:11195],ensembl_havana,4
UPI0000049CDE,Q01860,Q01860-1,D2IYK3,ensembl_havana,13,ENST00000259915,POU5F1-201,1,ENSP00000259915,POU5F1,ENSG00000204531,POU class 5 homeobox 1 [Source:HGNC Symbol;Acc:HGNC:9221],ensembl_havana,21
UPI000006ED31,,,F2Z381,havana,7,ENST00000441888,POU5F1-202,0,ENSP00000389359,POU5F1,ENSG00000204531,POU class 5 homeobox 1 [Source:HGNC Symbol;Acc:HGNC:9221],ensembl_havana,21
UPI000006ED31,,,F2Z381,havana,6,ENST00000471529,POU5F1-204,0,ENSP00000425083,POU5F1,ENSG00000204531,POU class 5 homeobox 1 [Source:HGNC Symbol;Acc:HGNC:9221],ensembl_havana,21
UPI0001CB3C2E,,,M1S623,ensembl_havana,6,ENST00000606567,POU5F1-207,0,ENSP00000475880,POU5F1,ENSG00000204531,POU class 5 homeobox 1 [Source:HGNC Symbol;Acc:HGNC:9221],ensembl_havana,21
UPI000006ED31,,,F2Z381,ensembl_havana,5,ENST00000512818,POU5F1-205,0,ENSP00000425479,POU5F1,ENSG00000204531,POU class 5 homeobox 1 [Source:HGNC Symbol;Acc:HGNC:9221],ensembl_havana,21
UPI000006ED31,,,F2Z381,havana,1,ENST00000513407,POU5F1-206,0,ENSP00000475512,POU5F1,ENSG00000204531,POU class 5 homeobox 1 [Source:HGNC Symbol;Acc:HGNC:9221],ensembl_havana,21
UPI000000D747,Q01860,Q01860-2,,havana,8,ENST00000376243,POU5F1-208,0,ENSP00000365419,POU5F1,ENSG00000206454,POU class 5 homeobox 1 [Source:HGNC Symbol;Acc:HGNC:9221],ensembl_havana,12
UPI0000049CDE,Q01860,Q01860-1,D2IYK3,ensembl_havana,4,ENST00000383524,POU5F1-209,1,ENSP00000373016,POU5F1,ENSG00000206454,POU class 5 homeobox 1 [Source:HGNC Symbol;Acc:HGNC:9221],ensembl_havana,12
UPI0001AE7180,,,A0A1W2PP83,ensembl,1,ENST00000640651,POU5F1-212,0,ENSP00000492870,POU5F1,ENSG00000206454,POU class 5 homeobox 1 [Source:HGNC Symbol;Acc:HGNC:9221],ensembl_havana,12
UPI0000049CDE,Q01860,Q01860-1,D2IYK3,ensembl_havana,6,ENST00000454714,POU5F1-218,1,ENSP00000400047,POU5F1,ENSG00000230336,POU class 5 homeobox 1 [Source:HGNC Symbol;Acc:HGNC:9221],ensembl_havana,9
UPI000000D747,Q01860,Q01860-2,,havana,2,ENST00000433348,POU5F1-217,0,ENSP00000412665,POU5F1,ENSG00000230336,POU class 5 homeobox 1 [Source:HGNC Symbol;Acc:HGNC:9221],ensembl_havana,9
UPI0000049CDE,Q01860,Q01860-1,D2IYK3,ensembl_havana,6,ENST00000437747,POU5F1-230,1,ENSP00000391681,POU5F1,ENSG00000237582,POU class 5 homeobox 1 [Source:HGNC Symbol;Acc:HGNC:9221],ensembl_havana,10
UPI000000D747,Q01860,Q01860-2,,havana,2,ENST00000429314,POU5F1-229,0,ENSP00000387619,POU5F1,ENSG00000237582,POU class 5 homeobox 1 [Source:HGNC Symbol;Acc:HGNC:9221],ensembl_havana,10
UPI0001AE7180,,,A0A1W2PP83,ensembl,1,ENST00000639883,POU5F1-233,0,ENSP00000492036,POU5F1,ENSG00000237582,POU class 5 homeobox 1 [Source:HGNC Symbol;Acc:HGNC:9221],ensembl_havana,10
UPI000000D747,Q01860,Q01860-2,,havana,6,ENST00000412166,POU5F1-213,0,ENSP00000387646,POU5F1,ENSG00000229094,POU class 5 homeobox 1 [Source:HGNC Symbol;Acc:HGNC:9221],ensembl_havana,9
UPI0000049CDE,Q01860,Q01860-1,D2IYK3,ensembl_havana,2,ENST00000434616,POU5F1-214,1,ENSP00000388842,POU5F1,ENSG00000229094,POU class 5 homeobox 1 [Source:HGNC Symbol;Acc:HGNC:9221],ensembl_havana,9
UPI0000049CDE,Q01860,Q01860-1,D2IYK3,ensembl_havana,6,ENST00000433063,POU5F1-226,1,ENSP00000405041,POU5F1,ENSG00000235068,POU class 5 homeobox 1 [Source:HGNC Symbol;Acc:HGNC:9221],ensembl_havana,9
UPI000000D747,Q01860,Q01860-2,,havana,2,ENST00000419095,POU5F1-225,0,ENSP00000413622,POU5F1,ENSG00000235068,POU class 5 homeobox 1 [Source:HGNC Symbol;Acc:HGNC:9221],ensembl_havana,9
UPI000000D747,Q01860,Q01860-2,,havana,6,ENST00000451077,POU5F1-222,0,ENSP00000391507,POU5F1,ENSG00000233911,POU class 5 homeobox 1 [Source:HGNC Symbol;Acc:HGNC:9221],ensembl_havana,9
UPI0000049CDE,Q01860,Q01860-1,D2IYK3,ensembl_havana,2,ENST00000429603,POU5F1-221,1,ENSP00000392877,POU5F1,ENSG00000233911,POU class 5 homeobox 1 [Source:HGNC Symbol;Acc:HGNC:9221],ensembl_havana,9
UPI0001F7861A,,,E9PKC6,havana,2,ENST00000526025,CD44-222,0,ENSP00000435377,CD44,ENSG00000026508,CD44 molecule (Indian blood group) [Source:HGNC Symbol;Acc:HGNC:1681],ensembl_havana,21
UPI000037848C,P16070,P16070-4,,ensembl_havana,6,ENST00000415148,CD44-206,0,ENSP00000389830,CD44,ENSG00000026508,CD44 molecule (Indian blood group) [Source:HGNC Symbol;Acc:HGNC:1681],ensembl_havana,21
UPI000013DBCF,P16070,P16070-12,,ensembl_havana,11,ENST00000263398,CD44-201,0,ENSP00000263398,CD44,ENSG00000026508,CD44 molecule (Indian blood group) [Source:HGNC Symbol;Acc:HGNC:1681],ensembl_havana,21
UPI000013D3FE,P16070,P16070-1,,ensembl_havana,8,ENST00000428726,CD44-208,1,ENSP00000398632,CD44,ENSG00000026508,CD44 molecule (Indian blood group) [Source:HGNC Symbol;Acc:HGNC:1681],ensembl_havana,21
UPI000040510F,,,H0YD13,havana,6,ENST00000526669,CD44-224,0,ENSP00000432704,CD44,ENSG00000026508,CD44 molecule (Indian blood group) [Source:HGNC Symbol;Acc:HGNC:1681],ensembl_havana,21
UPI000037848D,P16070,P16070-10,,ensembl_havana,6,ENST00000433892,CD44-209,0,ENSP00000392331,CD44,ENSG00000026508,CD44 molecule (Indian blood group) [Source:HGNC Symbol;Acc:HGNC:1681],ensembl_havana,21
UPI000D1964F1,,,H0YCV9,havana,6,ENST00000525211,CD44-214,0,ENSP00000432405,CD44,ENSG00000026508,CD44 molecule (Indian blood group) [Source:HGNC Symbol;Acc:HGNC:1681],ensembl_havana,21
UPI0000070484,P16070,P16070-19,,ensembl_havana,10,ENST00000278386,CD44-203,0,ENSP00000278386,CD44,ENSG00000026508,CD44 molecule (Indian blood group) [Source:HGNC Symbol;Acc:HGNC:1681],ensembl_havana,21
UPI00001F9FD3,P16070,P16070-11,,ensembl_havana,6,ENST00000434472,CD44-210,0,ENSP00000404447,CD44,ENSG00000026508,CD44 molecule (Indian blood group) [Source:HGNC Symbol;Acc:HGNC:1681],ensembl_havana,21
UPI0001820D4E,P16070,P16070-18,,ensembl_havana,8,ENST00000352818,CD44-205,0,ENSP00000309732,CD44,ENSG00000026508,CD44 molecule (Indian blood group) [Source:HGNC Symbol;Acc:HGNC:1681],ensembl_havana,21
UPI0001F7861B,,,H0Y5E4,ensembl_havana,6,ENST00000442151,CD44-211,0,ENSP00000398099,CD44,ENSG00000026508,CD44 molecule (Indian blood group) [Source:HGNC Symbol;Acc:HGNC:1681],ensembl_havana,21
UPI000D190C1E,,,H0YDW7,havana,6,ENST00000526000,CD44-221,0,ENSP00000434465,CD44,ENSG00000026508,CD44 molecule (Indian blood group) [Source:HGNC Symbol;Acc:HGNC:1681],ensembl_havana,21
UPI0001F7861F,,,H0Y2P0,havana,10,ENST00000279452,CD44-204,0,ENSP00000279452,CD44,ENSG00000026508,CD44 molecule (Indian blood group) [Source:HGNC Symbol;Acc:HGNC:1681],ensembl_havana,21
UPI000D197734,,,H0YDX6,havana,6,ENST00000527889,CD44-226,0,ENSP00000434530,CD44,ENSG00000026508,CD44 molecule (Indian blood group) [Source:HGNC Symbol;Acc:HGNC:1681],ensembl_havana,21
UPI0003F482D7,,,H0YD17,havana,5,ENST00000528455,CD44-228,0,ENSP00000432718,CD44,ENSG00000026508,CD44 molecule (Indian blood group) [Source:HGNC Symbol;Acc:HGNC:1681],ensembl_havana,21
UPI0001F78622,,,H0YD90,havana,5,ENST00000531873,CD44-234,0,ENSP00000433189,CD44,ENSG00000026508,CD44 molecule (Indian blood group) [Source:HGNC Symbol;Acc:HGNC:1681],ensembl_havana,21
UPI000D18D81D,,,H0YEU1,havana,6,ENST00000531110,CD44-231,0,ENSP00000436549,CD44,ENSG00000026508,CD44 molecule (Indian blood group) [Source:HGNC Symbol;Acc:HGNC:1681],ensembl_havana,21
UPI000D18C55C,,,H0YEV3,havana,6,ENST00000525685,CD44-219,0,ENSP00000436623,CD44,ENSG00000026508,CD44 molecule (Indian blood group) [Source:HGNC Symbol;Acc:HGNC:1681],ensembl_havana,21
UPI0003F47DAD,,,H0YF08,havana,5,ENST00000525688,CD44-220,0,ENSP00000436980,CD44,ENSG00000026508,CD44 molecule (Indian blood group) [Source:HGNC Symbol;Acc:HGNC:1681],ensembl_havana,21
UPI0001F78626,,,J3KN83,havana,10,ENST00000278385,CD44-202,0,ENSP00000278385,CD44,ENSG00000026508,CD44 molecule (Indian blood group) [Source:HGNC Symbol;Acc:HGNC:1681],ensembl_havana,21
UPI0001F78627,,,H0YEA1,havana,5,ENST00000533222,CD44-236,0,ENSP00000435321,CD44,ENSG00000026508,CD44 molecule (Indian blood group) [Source:HGNC Symbol;Acc:HGNC:1681],ensembl_havana,21
UPI0001F78628,,,H0YES0,havana,1,ENST00000524922,CD44-212,0,ENSP00000436451,CD44,ENSG00000026508,CD44 molecule (Indian blood group) [Source:HGNC Symbol;Acc:HGNC:1681],ensembl_havana,21
UPI000D18CD8D,,,H0YDV8,havana,6,ENST00000526553,CD44-223,0,ENSP00000434418,CD44,ENSG00000026508,CD44 molecule (Indian blood group) [Source:HGNC Symbol;Acc:HGNC:1681],ensembl_havana,21
UPI0001F7862C,,,H0YCL4,havana,1,ENST00000528672,CD44-229,0,ENSP00000431860,CD44,ENSG00000026508,CD44 molecule (Indian blood group) [Source:HGNC Symbol;Acc:HGNC:1681],ensembl_havana,21
UPI0001F7862D,,,H0YE40,havana,1,ENST00000525469,CD44-218,0,ENSP00000434920,CD44,ENSG00000026508,CD44 molecule (Indian blood group) [Source:HGNC Symbol;Acc:HGNC:1681],ensembl_havana,21
